price_1Qr9iaE6hZ9WbPkk9y0RXdF7,150
price_1Qr9iaE6hZ9WbPkkxU62XciJ,149
price_1Qr9iaE6hZ9WbPkkQ2dkAnIa,148
price_1Qr9iZE6hZ9WbPkkFqblgcr5,147
price_1Qr9iZE6hZ9WbPkk9vu7sART,146
price_1Qr9iYE6hZ9WbPkkliwax6RB,145
price_1Qr9iYE6hZ9WbPkkZirCiaR6,144
price_1Qr9iYE6hZ9WbPkkWTgdhxM2,143
price_1Qr9iXE6hZ9WbPkkVUhq5LgL,142
price_1Qr9iXE6hZ9WbPkk8706cRj4,141
price_1Qr9iWE6hZ9WbPkko1TOWgd2,140
price_1Qr9iVE6hZ9WbPkkT0obexrA,139
price_1Qr9iUE6hZ9WbPkkpucgeB6t,138
price_1Qr9iUE6hZ9WbPkkBbajFOcz,137
price_1Qr9iTE6hZ9WbPkkbiZaK8kb,136
price_1Qr9iTE6hZ9WbPkkaxbUHyUS,135
price_1Qr9iSE6hZ9WbPkk9499QggM,134
price_1Qr9iSE6hZ9WbPkkLmxTOjIo,133
price_1Qr9iSE6hZ9WbPkkgAf88B2t,132
price_1Qr9iRE6hZ9WbPkki3vAxWXQ,131
price_1Qr9iRE6hZ9WbPkkiLM6CkLU,130
price_1Qr9iRE6hZ9WbPkkw189ihqf,129
price_1Qr9iQE6hZ9WbPkkuLU0WR6r,128
price_1Qr9iQE6hZ9WbPkk6QbU5vfx,127
price_1Qr9iQE6hZ9WbPkkXDy1dKBL,126
price_1Qr9iPE6hZ9WbPkkd18Il6Vv,125
price_1Qr9iPE6hZ9WbPkkZfXrkdyR,124
price_1Qr9iOE6hZ9WbPkkUxwor9dt,123
price_1Qr9iOE6hZ9WbPkkZZTPxIxo,122
price_1Qr9iOE6hZ9WbPkkXp2P4Eud,121
price_1Qr9iNE6hZ9WbPkkntLUb8q8,120
price_1Qr9iNE6hZ9WbPkkBZ1slWdD,119
price_1Qr9iME6hZ9WbPkk1tJ8bsx5,118
price_1Qr9iME6hZ9WbPkkZSTus1KL,117
price_1Qr9iME6hZ9WbPkkdp8NITuO,116
price_1Qr9iLE6hZ9WbPkkzY3xHcvv,115
price_1Qr9iLE6hZ9WbPkk7SHrb7Kf,114
price_1Qr9iLE6hZ9WbPkkOcFBRpf7,113
price_1Qr9iKE6hZ9WbPkkZtFOfS9x,112
price_1Qr9iKE6hZ9WbPkk9aIegcZy,111
price_1Qr9iIE6hZ9WbPkkrZS2sjDi,110
price_1Qr9iHE6hZ9WbPkktFUqrPKY,109
price_1Qr9iHE6hZ9WbPkkWEnHamCd,108
price_1Qr9iHE6hZ9WbPkkyCVOz6qQ,107
price_1Qr9iGE6hZ9WbPkkuDYaz0Y3,106
price_1Qr9iGE6hZ9WbPkkgtJcnHIo,105
price_1Qr9iFE6hZ9WbPkkSepMvIfp,104
price_1Qr9iFE6hZ9WbPkkQrW2e0oJ,103
price_1Qr9iFE6hZ9WbPkkz5CoKmKw,102
price_1Qr9iFE6hZ9WbPkkCiWxSVRh,101
price_1Qr9aQE6hZ9WbPkkdWNlQpT1,100
price_1Qr9aPE6hZ9WbPkkxWWZJ3rQ,99
price_1Qr9aPE6hZ9WbPkk75hO7Fzw,98
price_1Qr9aPE6hZ9WbPkkULOwCPFp,97
price_1Qr9aOE6hZ9WbPkkT2UeJkMw,96
price_1Qr9aOE6hZ9WbPkkjT2fqPsS,95
price_1Qr9aOE6hZ9WbPkkRAW6UvT4,94
price_1Qr9aOE6hZ9WbPkkjNPjcKw7,93
price_1Qr9aNE6hZ9WbPkkmqOZZ6sh,92
price_1Qr9aNE6hZ9WbPkkCXPPMIe8,91
price_1Qr9aNE6hZ9WbPkkviSFgB5a,90
price_1Qr9aME6hZ9WbPkkNtSHKL0A,89
price_1Qr9aME6hZ9WbPkkYR0FwIiz,88
price_1Qr9aME6hZ9WbPkkylnM7emE,87
price_1Qr9aLE6hZ9WbPkkIttlq2CL,86
price_1Qr9aKE6hZ9WbPkksXULNWHM,85
price_1Qr9aKE6hZ9WbPkkiY0825eR,84
price_1Qr9aKE6hZ9WbPkki6O8pibW,83
price_1Qr9aKE6hZ9WbPkkLRh4QhOo,82
price_1Qr9aJE6hZ9WbPkkCG4o2v7U,81
price_1Qr9aJE6hZ9WbPkkr5e93VqH,80
price_1Qr9aJE6hZ9WbPkkqSO65w06,79
price_1Qr9aJE6hZ9WbPkkXpqMA9kf,78
price_1Qr9aIE6hZ9WbPkkREtxWfd2,77
price_1Qr9aIE6hZ9WbPkkEwffVbV8,76
price_1Qr9aIE6hZ9WbPkkp9t6YMG4,75
price_1Qr9aIE6hZ9WbPkkJuPCdCq6,74
price_1Qr9aHE6hZ9WbPkktaBJPP1o,73
price_1Qr9aHE6hZ9WbPkkyfOWSBZZ,72
price_1Qr9aHE6hZ9WbPkk3UnNYQMa,71
price_1Qr9aHE6hZ9WbPkkXnaX8RJP,70
price_1Qr9aGE6hZ9WbPkkca5lnrHE,69
price_1Qr9aGE6hZ9WbPkkLn7rYnWm,68
price_1Qr9aGE6hZ9WbPkkynQD7DHu,67
price_1Qr9aFE6hZ9WbPkkGLunwBum,66
price_1Qr9aFE6hZ9WbPkksHLu8Qld,65
price_1Qr9aFE6hZ9WbPkkEuUKo19d,64
price_1Qr9aFE6hZ9WbPkkl6wFG31W,63
price_1Qr9aEE6hZ9WbPkk6qAZPJ4Z,62
price_1Qr9aEE6hZ9WbPkk1GPqQB8g,61
price_1Qr9aEE6hZ9WbPkkSXjete4C,60
price_1Qr9aDE6hZ9WbPkk0NLvoQTj,59
price_1Qr9aCE6hZ9WbPkkTGnCxsNT,58
price_1Qr9aCE6hZ9WbPkkTnFZu6Fd,57
price_1Qr9aCE6hZ9WbPkkfv0inmfR,56
price_1Qr9aBE6hZ9WbPkkdRDnIx9N,55
price_1Qr9aBE6hZ9WbPkk65DBiGNN,52
price_1Qr9aBE6hZ9WbPkkK0xJPibl,54
price_1Qr9aBE6hZ9WbPkkTpDqsVHr,53
price_1Qr9RVE6hZ9WbPkkTGrh1hek,51
price_1Qr9RVE6hZ9WbPkk5OnAhs43,50
price_1Qr9RVE6hZ9WbPkkeR4bIzp0,49
price_1Qr9RUE6hZ9WbPkkWgUfv40S,48
price_1Qr9RUE6hZ9WbPkk0OAFE7Np,47
price_1Qr9RUE6hZ9WbPkkyZ5k4d7K,46
price_1Qr9RUE6hZ9WbPkkIocWLJQI,45
price_1Qr9RTE6hZ9WbPkknkJhztl7,44
price_1Qr9RTE6hZ9WbPkkQhszT6Pc,43
price_1Qr9RTE6hZ9WbPkkF8XmMSBW,42
price_1Qr9RSE6hZ9WbPkkOC0gSM4n,41
price_1Qr9RSE6hZ9WbPkk6hwggZtS,40
price_1Qr9RSE6hZ9WbPkkpUtLBAfb,39
price_1Qr9RSE6hZ9WbPkkUUeKpqg4,38
price_1Qr9RRE6hZ9WbPkkPDT7CRYw,37
price_1Qr9RQE6hZ9WbPkkrqSuJ7Tt,36
price_1Qr9RQE6hZ9WbPkknAEIUMa9,35
price_1Qr9RPE6hZ9WbPkkiBBQbfLP,34
price_1Qr9RPE6hZ9WbPkkUTNy9FOG,33
price_1Qr9RPE6hZ9WbPkkPxgmhh6i,32
price_1Qr9RPE6hZ9WbPkkwj5ZDme9,31
price_1Qr9ROE6hZ9WbPkk8GptiqBN,30
price_1Qr9ROE6hZ9WbPkkszZ2n0lv,29
price_1Qr9ROE6hZ9WbPkkhnU4tcHy,28
price_1Qr9ROE6hZ9WbPkkJqFcoGtE,27
price_1Qr9ROE6hZ9WbPkkOCgD1Lsz,26
price_1Qr9RNE6hZ9WbPkkMjHHo3Fk,25
price_1Qr9RNE6hZ9WbPkkN9thYI9l,24
price_1Qr9RNE6hZ9WbPkknC4B4HTx,21
price_1Qr9RNE6hZ9WbPkk8xDbXghI,22
price_1Qr9RNE6hZ9WbPkkUDpCXSAw,23
price_1Qr9RME6hZ9WbPkkvwZwW2x6,20
price_1Qr9RME6hZ9WbPkkMV0cCNEL,299.99
price_1Qr9RME6hZ9WbPkkve8LNQp2,199.99
price_1Qr9RLE6hZ9WbPkkLxCWCI4X,99.99
price_1Qr9RLE6hZ9WbPkkxh0Rp4sh,49.99
price_1Qr9RLE6hZ9WbPkkLnvqCsLf,14.99
price_1Qr9RLE6hZ9WbPkkP1Azm03d,29.99
price_1Qr9RLE6hZ9WbPkkJXsjtcq4,19.99
price_1Qr9RKE6hZ9WbPkkn44h727O,9.99
price_1Qr9RKE6hZ9WbPkkONcN9DyH,5.99
price_1Qr9RKE6hZ9WbPkkbF5LpRcl,4.99
